key,context,en,ja,zh,
3d.hide_layer,,Hide selected layer,選択レイヤーを隠す,隐藏所选图层,
3d.show_layer,,Show selected layer,選択レイヤーを表示,显示所选图层,
50 Leaf-Cubegoes,,50 Leaf-Cubegoes,,,
about_cubego_presale,,About Presale,プレセールについて,,
about_presale,,Presale,プレセール,,
about_us,,About Us,私たちについて,关于我们,
add,,Add,加える,加,
address,,Address,,,
air,,Air,空,气,
air_drop_package,,Gift Package,,,
airdrop,,Airdrop,,,
all_rights_reserved,,All Rights Reserved,All Rights Reserved,版权所有,
all_types,,All Types,全てのタイプ,,
amount_to_send,,Amount to Send (ETH),送金額 (ETH),보낼 금액 (ETH),发送金额 (ETH)
attack,Attack Point,Attack,アタックポイント,,
attributes,,Attributes,能力,属性,
auction,,Auction,オークション,拍卖,
auto sign in,,Auto Sign In,自動でログイン,自动登入,
back,,Back,戻る,返回,
basic,,Basic,ベーシック,基本,
battle,,Battle,バトル,战斗,
boost_energy,,Boost Energy,エナジーブースト,,
boost_energy_done,,"You have made a transaction. Depends on the blockchain network, it may take a few minutes or longer for the energy to be upgraded.",トランザクションが作成されました。ブロックチェーンネットワークの状態によって完了までに数分から1時間程度かかり可能性があります。,,
boost_energy_note,,You are going to increase the energy limit.,エナジーの上限値をアップできます。,,
boosting_up_energy,,Boosting Up Energy,エナジーブースト中,,
bottom_view,,Bottom view,下から見る,底部视图,
brick,,Brick,レンガ,砖,
brick pack,,Brick Pack,レンガパック,砖包,
build,,Build,創る,建立,
build_cubegon,,Build Cubegon,キューブゴンを 創る,构建Cubegon,
build_hero,,Build Hero,ヒーローを創る,建立英雄,
build_model,,Build Model,モデルを創る,构建模型,
build_unique_header,,"Build Characters, Own Copyright",オリキャラと著作権を一緒に創ろう,,
build_your_cubegon,,Build your Cubegon now!,キューブゴンを創ってみる！,立即建立您的Cubegon！,
build.are_not_for_sale,,${list} are available in <a href='/store' target='_blank'>presale</a> only! ,${list}は<a href='/store' target='_blank'>プレセール</a>でのみ販売される素材です！,$ {list}仅适用于<a href='/store' target='_blank'>presale</a>！,
build.is_not_for_sale,,${list} is available in <a href='/store' target='_blank'>presale</a> only! ,${list}は<a href='/store' target='_blank'>プレセール</a>でのみ販売される素材です！,$ {list}仅适用于<a href='/store' target='_blank'>presale</a>！,
buy,,Buy,購入する,购买,
capture a photo,,Capture A Photo,キャプチャ画像を撮る,,
challenger,Cubegon's tier,Challenger,チャレンジャー,挑战者,
champion,Cubegon's tier,Champion,チャンピオン,冠军,
channels,,Channels,チャンネル,频道,
check etherscan,,Check on EtherScan,EtherScanで確認,이더 스캔 확인,查对EtherScan
check your refund,,Check your refund,返金を確認する,,
check_out,,Check Out,作成を完了する,查看,
claim_air_drop,,Claim Now,,,
claim_air_drop_all_claimed,,All gifts have been given,,,
claim_air_drop_claimed,,You have claimed the gift,,,
claim_airdrop_note,,Claimed packages,,,
claim_gift,,Claim Gift Pack,,,
claim_gift_done,,"Depends on the network, the gift may come to your <a href='/inventory'>inventory</a> after minutes or hours.",,,
claiming_gift,,Claiming Gift Pack,,,
clear_all,,Clear all,全て消す,清除所有,
clear_layer,,Clear layer,レイヤーを<br>消す,清除图层,
click_to_copy,,Click to Copy,クリックしてコピー,单击复制,
close down blog link,,https://medium.com/cubego/c01e0e14dc37,https://medium.com/cubego/b614bd0f3368,,
close down note,,"Your deepest apology that Cubego Presale did not meet the expectation in raising fund for development. We decided to suspend the game for improvements. All the purchases before 28th Dec, 08:00 UTC will be refunded by 4th Jan. You will keep all the purchased assets. For more information, check out our blog below.",Cubego Presaleが開発のための資金を調達するという期待に応えられなかったことを深くお詫び申し上げます。 改善のためにゲームを中断することにしました。 UTCの12月28日08:00までに購入したものはすべて1月4日までに返金されます。購入したすべての資産を保持します。 詳しくは、下記のブログをご覧ください。,,
color.overused_error,,"""${type}"" is only available during the presale. You won't be able to create your Cubegon. <a href='/store' target='_blank'>Check the store now</a>.","""${type}""はプレセールでのみ販売される素材です。この素材でキューブゴンを創る事はできません。<br/>公式ショップ<a href='/store' target='_blank'>公式ショップ</a>をチェック！",“$ {type}”仅在预售期间可用。<br/> <a href='/store' target='_blank'>检查商店</a>,
color.overused_error_plastic,,"""${type}"" is only claimable as the reward. Join our <a href='https://discordapp.com/invite/pYD5tss' target='_blank'>Discord</a> to know more.","""${type}"" はキャンペーンプレゼントでのみ増やす事ができます。<a href='https://discordapp.com/invite/pYD5tss' target='_blank'>公式Discordチャンネル</a>に参加して、情報を逃さないようにしましょう！",,
color.overused_warning,,"You are out of ""${type}"".<br/>The exceed amount will be counted to the final cost! ","""${type}"" が足りません。<br/>足りない分は最終コストに加算されます。",您已超出“$ {type}”。<br/>超出的金额将计入最终费用！,
color.plastic_note,,This is your Basic Cubego capacity. Basic Cubegoes are reusable. This capacity will resume after your Cubegon is created.,ベーシックキューブの使用限界値に到達しました。ベーシックキューブは一体に使用できる数量に限りがありますが、違う個体を創る時には全量回復します。,,
combat,,Combat,バトル,战斗,
coming,,Coming,更新予定,将开始,
coming_next,,Coming Next,開発予定,即将开始,
coming_soon,,Coming Soon,準備中,准备中,
coming_soon_presale_note,,"This feature is coming soon!<br/>Meanwhile, please check out the Presale.",準備中の機能です！プレセールのチェックはお済みですか？,,
common,,Common,コモン,普遍,
common cubegoes,,Common Cubegoes,コモンキューブ,,
contract_address,,Contract Address,コントラクトアドレス,거래 주소,联系地址
contracts,,Contracts,コントラクト,,
copied,,Copied,コピーしました,已复制,
copy_layer,,Copy layer,レイヤーを<br>コピー,复制图层,
copyright,,Trade your characters,著作権の保護,版权,
copyright_logic_header,,Cubegon model uniqueness is protected. No replicas are allowed.,コピーを登録させず、オリジナル性を守る,Cubegon模型的独权性已受到保护。不允许复制。,
create_now,,Build Now,今すぐ創る！,立即建造,
create_time,,Create Time,作成日,创造时间,
created_by,,Cubegon By,作者,Cubegon By,
creation,,"Create characters, own copyright",クリエイション,创建,
creation_copyright_logic,,Cubegon Creation & Copyright logic,キューブゴンの創造と著作権,Cubegon创作和版权逻辑,
creation_header,,“Original” Cubegon allows the owner to create model variants,創造されたオリジナルキューブゴンはオーナーが自由に色違いを創る事ができます。,“原始”Cubegon允许所有者创建模型变体,
cubego,,Cubego,キューブゴー,Cubego,
cubego,,Cubego,キューブ,Cubego,
cubego contracts,,Cubego Contracts,キューブのコントラクト,,
cubegoes,,Cubegoes,キューブ,Cubegoes,
cubegon,,Cubegon,キューブゴン,Cubegon,
cubegon,,Cubegon,キューブゴン,Cubegon,
cubegon id,,Cubegon ID,キューブゴンID,,
cubegon name,,Cubegon's Name,キューブゴンの名前,,
cubegon_detail,,Cubegon Detail,キューブゴン詳細,Cubegon细节,
cubegon_energy,,Cubegon’s Energy,エナジー,Cubegon的能量,
cubegon_properties,,Cubegon’s Properties,キューブゴンの詳細,Cubegon的性能,
cubegon_skills,,Cubegon’s Skills,スキル,Cubegon的技能,
cubegon_stats,,Cubegon’s Stats,能力値,Cubegon的指数,
cubegon_tiers,,Cubegon's Tiers,キューブゴンの格,Cubegon's等级,
cubegon_types,,Cubegon’s Types,タイプ,Cubegon的类型,
cubegon.desc,,"Cubegon's Inside & Outside - You decide!<br/><br/>Cubegons are ERC-721 tokens and are stored in your ETH address. They are fully owned by you and can be freely traded between addresses.<br/><br/>Gather Cubego materials, select your desired colors and give shape to your Cubegons. Create any design you wish; the limit is only your own imagination!",キューブゴンの外見＆中味は自由です。<br/><br/>キューブゴンはERC-721トークンであり、あなたのイーサリアムアドレスに保管され、もちろん自由に取引をする事が可能です。<br/><br/>好きなキューブを集め、色を選び、デザインを決めて創ってみましょう！あなたを縛るものはありません！,Cubegon的内部和外部 - 您决定！<br/> <br/> Cubegons是ERC-721令牌并存储在您的ETH地址中。它们完全归您所有并可以在地址之间自由交易。<br/> <br/>收集Cubego材料，选择您想要的颜色，塑造您的Cubegons。创建您想要的任何设计;唯一限制是您自己的想象力！,
cubegons,,Cubegons,キューブゴン,Cubegons,
cubes/pack,,Cubes/Pack,キューブ/パック,Cubego/包,
current energy limit,,Current Energy Limit,エナジーリミット,,
current type,,Current Type,現在のタイプ,现在类型,
data_updated,,Data has been updated,更新されました。,,
days,,days,日,天,
defense,Defense Point,Defense,ディフェンスポイント,,
delete_cubegon,,Dismantle Cubegon,キューブゴンを解体する,,
delete_cubegon_done,,Dismantling Cubegon,,,
delete_cubegon_note,,Your cubegon will be dismantled. The cubegoes will be added back to your inventory!,あなたのキューブゴンを解体します。キューブはインベントリに返されます！,,
deleting_cube,,Dismantling Cubegon,キューブゴン解体中,,
desc.basic,,"Provided to new players in a specific quantity, as a capacity can be used in each Cubegon. The capacity can be further raised through buying Cubego Packs and in-game activities. Basic Cubegoes are not transferrable between addresses.",ゲーム開始時に配布されるキューブ素材です。またゲーム内のキューブパックで購入でき、ゲーム内の報酬として使われる事があります。アドレス間の送・受信はできません。,提供给特定数量的新玩家。 他们可以获得通过购买Cubego包和游戏内的活动。 基本的Cubego不能在用户间转移。,
desc.build_unique_1,,"No one can copy your characters, any of them. Building first give you more freedom to create any character you want.",あなたが創ったキューブゴンは誰もコピー出来ません。そして登録すると同時にそのキューブゴンを自由にカスタマイズする権利も得る事が出来ます。,,
desc.build_unique_2,,"Creating a model also grants you a copyright ownership, making you the only one who can create color variants of the model. This copyright ownership is only given to “Original” Cubegon model, not its variants. Copyright ownership is also transferable as it ties to Original Cubegons.<br/><br/>If you are lucky to have a model that other players like, you can create more variants to sell them in market. Thus, building early is an advantage.",自分だけのオリジナルキューブゴンを創り登録すると、そのキューブゴンの著作権が手に入ります。この著作権はオリジナルキューブゴンに紐付けされており、この著作権を持ったキューブゴンは「オリジナル」と呼ばれます。オリジナルを保有していると色違いや素材違い、更に外観を少し変えたりなどのアレンジ版を作ることが許されています。つまり、魅力的なオリジナルキューブゴンを保有しているとそのアレンジ版を取引して収益を上げることが出来るのです！,,
desc.challenger,,Learn basic and Challenger's battle moves,基本の動きを習得します,学习基本和挑战者的战斗形式,
desc.champion,,Can unlock all battle moves except for God's,ゴッド以外の動きを習得する事ができます,除了神的战斗形式可以解锁所有,
desc.claim_note,,"1000 packages for giving away, first come first served.",,,
desc.claim_note_1,,Each address can only claim once.,,,
desc.claim_note_2,,"Gift pack is available from 11 Dec, 00:00 UTC to 12 Dec, 23:59 UTC.",,,
desc.claim_note_3,,"After claiming, kindly check your Cubegoes at <a href='/inventory'>the inventory</a>.",,,
desc.combat_intro_1,,Challenges make the life of your Cubegons more exciting and that’s the reason for combat. Your Cubegon can join battles to collect rewards and unlock further skills. You can watch Cubegons battle from different angles in a 3D environment.,バトルは自分のキューブゴンとよりエキサイティングな時間を過ごす為に存在します。バトルで勝つと報酬があり、キューブゴンが新たなスキルを獲得する事ができます。,挑战使您的Cubegons的生命更加精彩，这就是战斗的原因。您的Cubegon可以参加战斗以收获奖励并解锁更多的技能。,
desc.combat_intro_2,,"Battles take place in an Arena with varying terrain, ranging from: mountain summits, to deadly jungles and deep waters.",最も基本的なバトルは１対１のものです。３D環境の元、様々な視点からバトルを楽しむ事ができます。,最基本的战斗是在1v1回合制设置中。您可以在3D环境中从不同角度观看Cubegons战斗。,
desc.combat_intro_3,,"Higher-tier Cubegons can unlock higher-class Arenas, enter higher-level Dungeons to get more rewards.",バトルは山々、ジャングルと水源に囲まれたアリーナで行われます。,战斗发生在不同地形的竞技场，从山峰到致命的丛林和深海。,
desc.common,,Are the most popular materials. They are supplied in an unlimited amount and can be purchased after creating Cubegons.,もっとも一般的な素材で、供給量に制限はありません。キューブゴンを創った後、使用した分をまとめて購入する事が出来ます。,是最受欢迎的材料。它们以无限量供应，可在创建Cubegons后购买。,
desc.copyright_logic_header,,Players cannot copy any Cubegon model if they do not own the “Original” Cubegon of that model. New Cubegon shapes from another player will require a minimum of 15% difference in shape from all existing Cubegons to be approved.<br/><br/>Our public smart contracts protect the logic as well as the value of your beautiful Cubegon models.,オリジナルのオーナーでないプレイヤーは同じモデルはもちろん、似ているモデルも登録する事ができません。キューブゴンは他のシェープと比較し15％以上の相違がないと登録ができないようになっています。<br/><br/>あなたの素晴らしい創造性から生まれたキューブゴンを私達のスマートコントラクトが守ります。,如果玩家不拥有该模型的“原始”Cubegon，则不能复制任何Cubegon模型。其他玩家的新Cubegon形状将需要与所有现有的Cubegons相比至少15％的形状差异。<br/> <br/>我们的公开智能合约保护逻辑性和您美丽Cubegon模型的价值。,
desc.creation_copyright_logic,,Every Cubegon is unique and its uniqueness is protected by our smart contracts.,キューブゴンは一つ一つがスマートコントラクトで保護されます。,每个Cubegon都是独一无二的，其独特性受到我们智能合约的保护。,
desc.creation_header,,"Cubegon models, also called shapes, are shown in the way Cubegons are assembled. ",キューブゴンのモデル、その組み立てられた形をこれをシェープと呼びます。,Cubegon模型（也称为形状）以Cubegons组装的方式显示。,
desc.creation_header_2,,"When a new Cubegon model is created, the number one (#1) Cubegon of that model will be badged “Original"". Owning an “Original” Cubegon also means owning the copyright of that Cubegon model.",あるキューブゴンが創られた時、そのキューブゴンは最初のモデルとして登録され、オリジナルの型としてバッジ付きになります。この「オリジナル」キューブゴンを保有している事はすなわち、そのキューブゴンの著作権を保持している事になります。,当创建一个新的Cubegon模型时，那模型的第一（＃1）编号Cubegon将标记为“原始”。拥有“原始”Cubegon也等于拥有这Cubegon模型的版权。,
desc.creation_header_3,,"An “Original” Cubegon owner will have exclusive rights to create material/color variants of that Cubegon model to develop a squad of Cubegons sharing a common model. Despite that, each variant is still unique since no two variants are exactly the same.",オリジナルを保有しているオーナーは色違いや素材違いのキューブゴンを創り、共通のシェープから様々なパターンを創る事ができます。もちろん全く同じものは2つ以上存在することはできません。,“原始”Cubegon的所有者将拥有创建这Cubegon模型的材质/颜色变体的独利，以开发分享共同模型的Cubegons小队。尽管如此，每个变体仍然是独一无二，因为没有两个变体是完全相同的。,
desc.cubego-desc-1,,"Miracles of life are crafted from tiny things, so is Cubego!",キューブも積もれば奇跡となる⁉︎,生活的奇迹是用微小的东西造成的，那就是Cubego！,
desc.cubego-desc-2,,"Cubegoes are inspired by natural materials, from rare and glamorous gems such as diamond and gold to common ones like plastic. Each Cubego material has a disparate set of colors, textures, elements and other properties.<br/><br/>Cubegoes are tokens stored on blockchain (except Basic Cubegoes), as such they are tradable between addresses.",キューブは現実世界にある素材をゲームに再現しました。貴重な鉱物であるダイアモンドや金から身近なプラスチックまで、テクスチャーがそれぞれ違いセットしてある色も、キューブゴンに与える効果も異なります。<br>キューブ一つ一つがブロックチェーン上にあるアセットとなっている為取引、移動が可能です (ベーシックキューブを除く)。,Cubegoes的灵感来自于天然材料，从稀有和迷人的宝石（如钻石和黄金）到普通的宝石（如塑料）。 每个Cubego材质都有不同的颜色，纹理，元素和其他属性。<br/> <br/> Cubegoes存储在区块链上（除了基本Cubegoes），因此它们可以在用户之间进行交换。,
desc.cubegon_energy_1,,"When creating Cubegon, you decide its energy capacity, which is the maximum level of energy it can store. Cubegon requires energy to fight in arena. Once the Cubegon’s energy reduces to zero, it can no longer join combat.",キューブゴンを創る際にエナジーの限界値を決める事ができます。これはキューブゴンが溜める事のできるエナジーの最大値です。このエナジーはアリーナでのバトルに必要となります。エナジーがゼロになるとバトルには参加できなくなってしまいます。,在创建Cubegon时，您可决定它的能量，即能够存储的最多能量。 Cubegon需要能量在竞技场中战斗。一旦Cubegon的能量减少到零，就不能再加入战斗了。,
desc.cubegon_energy_2,,"Cubegon can gain energy in combat, however no more than its energy level. Cubegon recovers one energy for winning a battle and loses one energy for losing.",エナジーはバトルで獲得する事ができますが、上限値を超えることはできません。バトルに勝つとエナジーが１回復し、負けると１減るシステムです。,Cubegon可以在战斗中获得能量，但不超过它的能量级。 Cubegon恢复一能量如赢得一场战斗并失去一能量如果输了。,
desc.cubegon_properties,,"You decide your Cubegons’ properties, which consist of Type, Stats, Tier, Skills and Energy.",キューブゴンの能力にはタイプ、能力値、格、スキル、エナジーがあり、これらを操作する事が可能です。,您决定Cubegons的性能，包括类型，指数，等级，技能和能量。,
desc.cubegon_skills,,A Cubegon’s skills are crucial in combat: each Cubegon type has distinct combat moves. Cubegon can unlock further moves when they progress in game.,キューブゴンのスキルはバトルで使用され、タイプによってバトル時の動きは異なります。またゲームを進めていくと新たな動きを習得する事があります。,Cubegon的技能在战斗中至关重要：每个Cubegon类型都有不同的战斗动作。当他们在游戏中前进时，Cubegon可以解锁进一步的动作。,
desc.cubegon_stats,,"Stats of CubeGon consist of four components: <b>Health, Attack, Defence and Speed</b>.<br/>The distribution of the four stats depends on the materials and color you select.",能力値には4つ：HP、アタック、ディフェンス、スピードがあります。</b>.<br/>これらの能力値は使用したキューブの素材と色に左右されます。,CubeGon的指数包含四个部分：<b>健康，攻击，防御和速度</ b>。四种指数的分布取决于您选择的材料和颜色。,
desc.cubegon_tiers_1,,<b>Tier Strength Requirement:</b> Tier of a Cubegon is determined by total strength of Cubegoes used to create it. The strength requirement for each Cubegon tier is shown below.,<b>強さは格で決まる:</b>キューブゴンの格は創る為に使用されたキューブの強さの合計です。それぞれの格に必要な強さは下の図の通りです。,<b>级别强度要求：</ b>Cubego的级别取决于创建它的Cubegoes总强度。每个Cubegon级别的强度要求如下。,
desc.cubegon_tiers_2,,"Total stats of Cubegon are contingent to its tier. Higher-tier Cubegons have higher total stats, can learn more battle moves and can unlock more Arenas/Dungeons.",能力の合計値は格によって決まります。格が高ければ高いほど、能力の合計値が高くなり、バトルで得られるムーブが多く、アリーナやダンジョンをより多くアンロックできます。,Cubegon的总指数取决于它等级。较高级的Cubegons具有较高的总指数。,
desc.cubegon_types_1,,The dominant type of all Cubegoes used to create a Cubegon determines the type of the Cubegon.,キューブゴンを創る際に使用されたキューブがタイプを決めます。,所有Cubego的优势类型用于创建Cubegon决定了Cubegon的类型。,
desc.cubegon_types_2,,"There are 5 types of CubeGon. Each type is strong against one type, but weak against another.",タイプは５種類あり、それぞれ相性があります。あるタイプに対しては強いですが、ある違うタイプに弱いのです。,CubeGon有5种类型。每种类型对另一种类型强，但对其他几种类型弱。,
desc.dismantle_reassemble_1,,Cubegons can be dismantled to give you back your Cubegoes. Do not worry if you want to improve an existing model or create a completely new character from old ones; simply break your Cubegon models up and start creating again!,キューブゴンは解体してキューブに戻す事ができます。一度創ったキューブゴンを改良して新しいものを創ることは容易です。迷いなく解体して、もう一度創ってみましょう！,Cubegons可以被拆除以恢复您的Cubegoes。如果您想改进现有模型或从旧模型创建一个全新的角色，请不要担心;简单地打破您的Cubegon模型并重新开始创建！,
desc.dismantle_reassemble_2,,"Once an original Cubegon is dismantled, no variants of this model can be produced as the original badges are not transferable.",オリジナルのキューブゴンが解体されてしまった場合、以後そのシェープを使った色違い、素材違いのパターンは創る事ができなくなります。,一旦拆除原始Cubegon，就不能再造此模型的变体，因为原始徽章不可转移。,
desc.diversity,,"Cubegoes, the “raw materials” of various colors, textures and other properties are the core of every character and are inspired by real materials in the physical world",「多様性」：モンスターを創る為のキューブは現実世界にある素材に似せて作られており、それぞれに違った色やテクスチャーが存在します。,Cubegoes，各种颜色，纹理和其他属性的“原材料”，是每个角色的核心，并是受到物理世界中真实材料的启发,
desc.earn_reward_1,,"Cubego does not stop at building characters. What more fun is to bring your own characters to battle, conquer challenges and gain rewards. Here is what you expect to earn from battle:",キューブゴーはキャラクーたを創るだけではありません。あなたのキューブゴンをバトルさせ、下記のような報酬をゲットできるのです。,,
desc.earn_reward_2,,"<b> - Cubego Box:</b> returns you random Cubegoes<br/><br/><b> - EMONT tokens:</b> ""mine” EMONT and spend back to create more characters.<br/><br/><b> - Special items and Cubegons:</b> hunt treasures to upgrade your charactes. You might find some special Cubegons.<br/><br/><b> - Battle moves:</b> gain points to teach your Cubegons new battle moves.",- キューブボックス：キューブがランダムで手に入ります。<br/><br/>- EMONTトークン：EMONTをマイニングし、手に入れることができます！<br/><br/>- スペシャルアイテム＆キューブゴン：お宝アイテム＆珍しいキューブゴンが見つかるかもしれません。<br/><br/>- バトルムーブ：あなたのキューブゴンが新しい動き、ムーブを手に入れ更に強くなります。,,
desc.elite,,Can unlock all battle moves except for God's and Champion's,ゴッド、チャンピオン以外の動きを習得する事ができます,除了神和冠军之外可以解锁所有战斗形式,
desc.epic,,A must-have Cubego to create “Champion” Cubegons. They can only be found in Epic and Ultimate Cubego Packs during the presale.,チャンピオン格のキューブゴンを創る為に必須なキューブです。プレセール期間のみ販売されるアルティメットパック、エピックパックでしか手に入らないキューブです。,一个必须拥有的Cubego来创造“冠军”Cubegons。它们只能在预售期间在Epic和 Cubego 终极包中找到。,
desc.form_note,,Still confused? Check out the full <a href='https://medium.com/cubego/ff5f32516192' target='_blank'>instruction</a>!,より詳しい説明は<a href='https://medium.com/cubego/ff5f32516192' target='_blank'>こちら</a>から！,,
desc.god,,Can unlock all potential battle moves,全ての動きを習得する事ができます。,可以解锁所有潜在的战斗形式,
desc.invite_code,,Get up to 5 EMONT with the invite code,招待コードで５EMONTを手に入れよう,使用邀请码最多可获得5个EMONT,
desc.legendary,,The essential material to create “God” Cubegons - the strongest tier characters. Only an extremely limited quantity will be supplied in some very special Cubegons.,最強であるゴッド格のキューブゴンを作るのに必要なキューブで、供給量は非常に限られごく一部のキューブゴンのみ到達できる格です。,创造“神”Cubegons的基本材料 - 最强大的角色。只会在一些非常特殊的Cubegons中提供非常有限的数量。,
desc.presale_1,,Cubego Presale is an Exclusive event for you to collect Limited Cubegoes from Store.,キューブゴーのプレセールは貴重なキューブを手に入れるこれ以上ないチャンスです！,,
desc.presale_2,,Epic and Rare Cubegoes are sold in Packs and will NOT be available after the Presale. You have chance to create high-tier characters from these limited Cubegoes during the Presale.,現在プレセールで販売されているエピック＆レアキューブは強力なキューブゴンを創るために必要不可欠です。是非この機会にゲットして下さい！,,
desc.rare,,"Though not compulsory, they are important materials to create “Elite” Cubegon. They can only be found in Rare and Ultimate Cubego Packs during the presale.",必須ではありませんがエリート格のキューブゴンを創る時に大事なキューブです。プレセール期間のみ販売されるアルティメットパック、レアパックでしか手に入りません。,虽然不是强制性的，但它们是制作“精英”Cubegon的重要材料。它们只能在预售期间在Rare和 Cubego 终极包中找到。,
desc.sign_in_signature,,Please use your email address to sign at <a href='https://www.myetherwallet.com/signmsg.html' target='_blank'>MyEtherWallet</a>.,メールアドレスを使用し、<a href='https://www.myetherwallet.com/signmsg.html' target='_blank'>MyEtherWallet</a>で署名をしてください。詳しい案内はこちら。,请使用您的邮箱地址在<a href='https://www.myetherwallet.com/signmsg.html' target='_blank'> MyEtherWallet </a>上签名。在这里查找更多的说明。,
desc.strength,,Each Cubego material has its own strength. Using higher-tier Cubegoes will accelerate the strength accumulation of your Cubegon(s) and enable them to climb to the higher tiers more quickly.,キューブの素材はそれぞれ持っているパワーがあり、格の高いキューブをたくさん使用すればその分キューブゴンの強さがアップし、キューブゴンの格を押し上げる事ができるようになります。,每种Cubego材料都有自己的优势。使用更高级别的Cubegoes将加速您的Cubegon的优势积累，并使他们能够更快地爬到更高的级别。,
desc.tiers,,"Cubegoes can be divided into five ‘Tiers’ derived from their scarcity and potential. Their power is determined by a descending order consisting of: <b>Legendary, Epic, Rare, Common and Basic</b>.",キューブゴンには能力値と潜在成長率の範囲で5つの格に分けられます。この格は素材のレア度に左右され、レジェンド、エピック、レア、コモン、ベーシックの順に与える影響が小さくなります。,Cubegoes可以分为五个“级别”，源于它们的罕有性和潜力。他们的力量由下降顺序决定：<b>传奇，英雄，稀有，普遍和基本</ b>。,
desc.tiers_types_cubegoes,,Cubegoes are the key factors of a Cubegon’s power. More precious materials yield a greater chance to create more powerful characters. Some extremely rare Cubegoes maintain amazing power which can develop special abilities for Cubegons.,キューブの素材が何であるかはその強さに大きな関係があります。貴重な素材であればその分能力値が高くなりやすく、更にレアな素材は特別な効果をキューブゴンに与えるものもあります。,Cubegoes是Cubegon力量的关键因素。更珍贵的材料产生更大的机会来创造更强大的角色。一些非常罕见的Cubegoes保持惊人的力量，可以为Cubegons开发特殊能力。,
desc.trade_cubegon_1,,"Both Cubegoes and Cubegons are tokens, stored on the blockchain and are tradable. Own limited Cubegoes today can earn you more benefits after Presale as you can sell them in market.",キューブ、そしてキューブゴンは近日実装予定のマーケットで売買が可能になります。今しか手に入らないキューブを手に入れ、マーケット実装に備えましょう！,,
desc.trade_cubegon_2,,"Cubegons are worth a lot more, as they carry moves and can be crafted with items earned from battle. An inventory abundant in Cubegoes of all materials allows you to play with different character design and color, hence is key to create appealing Cubegons.",豊富なキューブの材質、色によってキューブゴンには無数のキューブゴンが製作可能です。この無限の可能性こそワクワクの源泉なのです。,,
desc.tutorial.color,,"Each material has a set of sub-materials, in different color. You can use any color of a material if you have that material.",キューブはどの材質も複数の色が存在し、その材質を持っているとどの色も選択出来ます。,,
desc.tutorial.estimated_stats,,Your character total stats will fall under the Estimated Stats range. Add more cubes or change material to increase the character' stats.,あなたの創ったキューブゴンは表示されている範囲の中で能力値が決まります。使用するキューブを変えたり、使用する数を変えることで能力値が変動します。,,
desc.tutorial.material,,"There are 12 different materials, categorized into 5 Tiers in descending order: Legendary, Epic, Rare, Common and Basic. Higher-tier material adds more power to your character.",キューブには12の材質があり、5つの格に分ける事ができます。格は強さ順に上から「レジェンダリー」「エピック」「レア」「コモン」「ベーシック」という名前がついており、強いキューブを使えば使う程キューブゴンが強くなります！,,
desc.tutorial.template,,There are some default templates provided to you to start with.<br/>Your saved templates will also be stored here., スタート用にいくつかテンプレートが用意されています。<br/>あなたが保存したテンプレートもここに保存されます。,,
desc.tutorial.tier,,"Cubegon are categorized into 4 tiers in descending order: God, Champion, Elite and Challenger. Higher-tier Cubegons have higher stats and can learn special moves that lower tiers cannot.",キューブゴンは4つの格に分かれます。強さ順に上から：「ゴッド」「チャンピオン」「エリート」「チャレンジャー」となっており、格が高い程能力値が高く、他の格が習得できない特別なムーブを習得できます。,,
desc.tutorial.type,,"Each Cubegon has one elemental type, which will determine which battle moves it can learn.",キューブゴンには必ず一つのタイプが割り当てられ、それによって習得するムーブが変わります。,,
desc.types,,"Each material can have several sub materials which are usually different in color. Each color variant can belong to one or two element types out of a total of five, including:<br><b>Fire, Water, Air, Grass and Earth</b>.",素材の中には更にその中で細かく分類されてあるものもあり、多くは色が異なります。色はキューブゴンのタイプに影響し、使用している色に応じ5つのタイプ：<br><b>火、水、空、草、地</b>に分かれます。,每种材料可具有几种常带不同颜色的副材料。每种颜色变体可以属于总共五种中的一或两种元素类型，包括：<br> <b>火，水，气，草和地</ b>。,
desc.uniqueness,,"Respecting players’ individuality, Cubego protects copyright ownership of the creators. Every Cubegon character is unique and only the owner of the “original” model can create color variants of the same shape",「独自性」：一人一人の創造力を大事にする為、私達はクリエイターの権利を保護する仕組みを作りました。色違いのモンスターはそのモンスターのオーナーしか創ることができません。,尊重玩家的个性，Cubego保护创作者的版权所有权。每个Cubegon角色都是独一无二的，只有“原始”模型的所有者才能创建相同形状的颜色变体,
desc.username,,Username from 6 to 18 characters,6-18以内のユーザーネーム,用户名从6到18个字符,
desc.value_of_synergies,,"Multiplying Cubegoes’ value by creating unique Cubegons with distinct aesthetics, types and abilities. It’s the players who determine the design as well as value of their creations",「シナジー効果」：キューブの組み合わせはデザインだけではなく、キューブコンの強さにも影響します。いかにカッコよく、更に強さを内包する事ができるか、腕の見せどころです。,通过创造具有独特美学，类型和能力的独特Cubegons，使Cubegoes的价值倍增。决定设计和创作价值的是玩家,
desc.what_is_cubego,,"Cubego or Cubegoes, are 3D building block(s) which enable you to build your very own bespoke and personalised 3D models called Cubegon.<br/><br/>Shape your own powerful 3D squad, give them abilities and conquer challenges in combat. Every creation of yours is entirely unique and fully owned by you. Allow your imagination to run riot to turn small Cubegoes into living Cubegons.",キューブとは３Dでモンスターを創るためのブロックの事。自分で作り上げたモンスターは「キューブゴン」と総称されます。<br/><br/>自分だけの3Dモンスターを創って、戦う能力を与え、バトルに挑むゲームです。創り上げたモンスターは完全にあなただけのもの。様々な素材のキューブを使い、キューブゴンとして世に出そう！,Cubego或Cubegoes是3D构建块，可让您构建自己定制的个性化3D模型，称为Cubegon。<br/> <br/>塑造您自己强大的3D小队，赋予它们能力并战胜战斗中的挑战。您的每一件作品都是独一无二的，完全归您所有。让您的想象力骚乱，将小Cubegoes变成活的Cubegons。,
desc.what_next_1,,<span>Ranked Battle</span>: Battles become more exciting as Cubegons can fight alongside each other and gain owner's titles,<span>ランキングモード</span>:キューブゴンが順位を競い、更にバトルを盛り上げます。,<span>战斗排名</ span>：战斗变得更加精彩，因为Cubegons可以互相争斗并获得所有者的头衔,
desc.what_next_2,,<span>Crafting</span>: Make your Cubegons stronger by crafting weapons and gears for them,<span>クラフト</span>:キューブゴンを強化する為の武器や道具を創る事ができるようになります。,<span>制作</ span>：为你的Cubegons制作的武器和装备，使它们变得更强大,
desc.what_next_3,,"<span>Clan/Clan War</span>: Form Clans of Cubegons, unlock Clan Achievements, raid Dungeons and Challenge other Clans",<span>クラン・クラン戦</span>:キューブゴンのクランを結成し、ミッション達成、ダンジョン攻略や他のクランに挑む事ができるようになります。,<span> 氏族/ 氏族战争</ span>：形成Cubegons的氏族，解锁氏族成就，袭击地牢并挑战其他氏族,
desc.what_next_4,,"<span>Cubego Day</span>: Join offline Cubego summits, build Cubegons and compete in Tournaments",<span>キューブゴーデー</span>:オフラインサミットを開催、その場でキューブゴンを創り、トーナメントを行います。,<span> Cubego 日</ span>：加入离线Cubego峰会，建立Cubegons并参加锦标赛,
desc.what_next_5,,<span>AR and VR</span>: Enjoy the next-level gaming experience in Cubego world,<span>AR ＆ VR</span>:キューブゴーの世界がまた新たな次元に突入するところをお見せします。,<span> AR和VR </ span>：享受Cubego世界的下一级游戏体验,
diamond,,Diamond,ダイアモンド,钻石,
dismantle,To Dismantle Cubegon,Dismantle,解体する,,
dismantle_reassemble,,Dismantle and Reassemble,解体と再創造,拆除并重新组装,
diversity,,Diversity,多様性,多样,
earn_reward_header,,Battle and Earn Rewards,バトルをして報酬をゲット！,,
earth,,Earth,地,地,
elite,Cubegon's tier,Elite,エリート,原种,
email,,Contact us,お問合せ,联系我们,
email,,Email,メール,邮箱,
emont,,EMONT,EMONT,EMONT,
emont rebate ends in,,20% all-store EMONT rebate ends in,,,
emont used for presale,,EMONT used for purchasing Presale,Presaleの購入に使用されたEMONT,,
emont_rebate_desc,,EMONT Rebate. This will be claimable after the Presale.,,,
energy,,Energy,エナジー,能量,
energy_already_max,,You already have the max energy limit,エナジー量が既に最大です。,,
energy_note,,Energy is required to join battles.,エナジーはバトルで使用されます。,能量将用于战斗。,
epic,,Epic,エピック,英雄,
epic cubegoes,,Epic Cubegoes,エピックキューブ,,
erase,,Erase,消す,抹掉,
err_invalid_receiver_address,,Invalid Receiver's Address,受信者のアドレスが無効です,接收者地址无效,
err.agree_tos_pp,,Please agree to the <a href='/tos' target='_blank'>Terms of Sale</a> and <a href='/tos' target='_blank'>Privacy Policy<a>,<a href='/tos' target='_blank'>販売規則</a>と<a href='/privacy' target='_blank'>個人情報保護</a>に関する方針についてご同意ください,请同意<a href='/tos' target='_blank'>销售条款</a>和<a href='/tos' target='_blank'>隐私政策<a>,
err.castle_mon_level_require,,Each of your Mons must not exceed the corresponding attacked ones by ${lv} levels,モンスターは相対する相手モンスターより${lv}レベル超えてはいけません。,您的每个Mons不得超过$ {lv}级的相应攻击者,
err.cubego_release_soon,,Build feature is coming soon in the next few weeks.,このモードは近日中に実装されます。,,
err.empty_castle_name,,Please input the castle's name,城の名前を入力してください,请输入城堡的名称,
err.empty_mon,,Please select your Etheremon,イーサエモンを選択してください。,请选择您的Etheremon,
err.empty_name,,Please give a name,名前を入力してください,请给出一个名字,
err.empty_trainer_level,,Please select trainers's level,トレーナーレベルを選択してください,请选择培训师的级别,
err.energy_cannot_be_blank,,Please select an energy limit,エナジー上限値を選択してください。,,
err.fee_mon_cannot_trade,,Free Mons at level 1 cannot be traded.,無料のモンスターはレベル１の状態で取引できません。,1级的免费Cubegon不可交易。,
err.invalid_attackers,,You must choose at least 3 attackers,最低でもアタッカーを3人選択してください。,您必须选择至少3名攻击者,
err.invalid_bid,,Invalid Bidding Amount,無効な入札額です,无效的出价金额,
err.invalid_castle_bricks,,Castle must have at least ${bricks} bricks.,城には最低でもレンガが${bricks}個必要です。,城堡必须至少有$ {bricks}砖。,
err.invalid_castle_value,,Castle's value must be a number,城の値は数字で入力してください,城堡的值必须是数字,
err.invalid_cubegon_name,,Name must be from ${from} to ${to} characters,名前は${from} 文字〜 ${to}文字以内に収めてください。,,
err.invalid_duration,,Invalid Duration,継続時間が無効です,期限无效,
err.invalid_email,,"Ops, you typed the wrong email",emailアドレスが間違っています,Ops，你输入了错误的邮箱,
err.invalid_ether_address,,Please input a valid Ether address,正しいイーサアドレスを入力してください,请输入有效的Ether地址,
err.invalid_fee,,Fee must be from ${from} to ${to} ${unit},フィーは ${from} から ${to} ${unit}の範囲内で入力して下さい。,费用必须从$ {from}到$ {to} $ {unit},
err.invalid_length,,${field} must have from ${from} to ${to} characters,${field}は${from}から${to}文字までの文字列を入力してください,$ {field}必须包含$ {from}到$ {to}个字符,
err.invalid_level,,Mons' level must not exceed ${lvl},レベル${lvl}はレベル制限を超えています,Cubegon的级不得超过$ {lvl},
err.invalid_name,,Invalid Name,名前が無効です,名称无效,
err.invalid_num_attacks,,Invalid number of attacks,無効な攻撃回数です,无效的攻击次数,
err.invalid_practice,,Please select your Etheremons and 5 castles to attack,イーサエモンと攻撃する城を5つ選択してください,请选择您的Etheremons和5座城堡进行攻击,
err.invalid_price,,Invalid Price,価格が無効です。,价格无效,
err.invalid_receiver,,Invalid Receiver,受取人のが無効です。,,
err.invalid_signature,,Invalid Signature,署名が無効です。,签名无效,
err.invalid_singature,,Invalid Signature,無効な署名です,签名无效,
err.invalid_trainers,,Please select exact 3 trainers,トレーナーを3人選択してください,请精选3名培训师,
err.invalid_transfer_amount,,Invalid transfer amount,アカウントが無効です。,,
err.invalid_username,,Username must be from 6 to 18 characters,ユーザー名は6-18文字の範囲内でお願いします。,用户名必须为6到18个字符,
err.max_cubes,,A Cubegon can have a maximum of 2000 Cubegoes,使用できるキューブは2000個までとなっています,,
err.max_materials,,A Cubegon can only have up to 4 different types of Cubegoes.,使用できるキューブのタイプは４種類までとなっています,,
err.metamask_not_connected,,Metamask/Mist is not connected,Metamask/Mistが接続されていません,Metamask / Mist未连接,
err.metamask_not_installed,,Metamask/Mist is not installed,Metamask/Mistがインストールされていません,未安装Metamask / Mist,
err.model_already_registered,,This Cubegon has been already registered,このキューブゴンは既に登録されています。,,
err.model_not_valid,,Model is invalid,このモデルは有効ではありません,模型无效,
err.not_enough_energy,,You don't have enough energy,エナジーが足りません,您没有足够的能量,
err.not_enough_token,,You only have ${amount} ${token} left,${amount} ${token}しか残っていません,您只剩下$ {amount} $ {token},
err.nothing_to_cash_out,,Nothing to cash out,残額が足りません,无任何东西可兑现,
err.nothing_to_claim,,You have nothing to claim,申請できるものはありません,您没有任何要求,
err.please_select_castles_to_attack,,Please select exactly ${value} castles to attack,攻撃する城を${value}個選択してください,请准确选择$ {value}城堡进行攻击,
err.server_busy,,Server is busy,サーバーが混み合っています,服务器在忙碌中,
err.shape_already_registered,,Shape is already registered!,型が既に登録されています！,形状已经注册！,
err.smaller_bid,,Your bid must be at least the next secure bid.,次の最低入札価格以上で入札ください,您的出价必须至少是下一次的安全出价。,
err.some_invalid_materials,,You don't have enough: ${materials},${materials}が足りません。,,
err.too_low_catch_power,,Your catching power must be at least the current price.,キャッチングパワーは現在価格を下回ってはいけません。,您的捕获力必须至少是当前的价格。,
err.transfer_to_owner,,You cannot transfer to yourself,あなたを移動する事は出来ません。,,
estimated cost,,Estimated Cost,完成時のコスト,预计费用,
estimated power,,Estimated Power,完成時のパワー,预计力量,
eth,,ETH,ETH,ETH,
eth used for building cubegon,,ETH used for building Cubegons,Cubegonsを構築するために使用されるETH,,
eth used for presale,,ETH used for purchasing Presale,Presaleの購入に使用されたETH,,
faq,,FAQ,FAQ,常问问题,
features,,Features,特徴,特征,
fire,,Fire,火,火,
follow_us,,Follow us:,フォローする,跟踪我们：,
footer.contact_us,,Contact us,お問合せ,联系我们,
footer.privacy_policy,,Privacy Policy,プライバシーポリシー,隐私政策,
footer.terms_of_sale,,Terms of Sale,販売規約,销售条款,
front_view,,Front view,前から見る,正视图,
fur,,Fur,毛皮,毛皮,
gallery,,Gallery,ギャラリー,,
game_intro,,Game Intro,イントロダクション,游戏介绍,
game_tutorial,,Game Tutorial,チュートリアル,,
gameplay,,Gameplay,ゲームプレイ,游戏,
get_the_latest_news,,Get The Latest News!,最新情報を受け取る,获取最新消息！,
gift,,Gift,プレゼント,,
github,,Github,Github,Github,
go_to_battle,,Go To Battle,バトルへ向かう,进入战斗,
go_to_mew,,Go To MyEtherWallet,MyEtherWalletへ移動,MyEtherWallet로 이동,跳转至MyEtherWallet
god,Cubegon's tier,God,ゴッド,神,
gold,,Gold,金,金,
gold pack,,Gold Pack,金パック,金包,
grass,,Grass,草,草,
health,Health Point,Health,HP,,
home_combat_title,,Combat for rewards,バトル,战斗,
home.combat,,"What's more exciting is to bring your own characters to battle, conquer challenges and gain rewards. What you can earn includes: Cubego Boxes, EMONT tokens, Special items, Special Cubegons and Battle moves.<br/><br/>High-tier Cubegons like Champion and Elite fight in higher-class battles, unlock more Dungeons and hence can win more rewards than Common Cubegons. They also learn more Exclusive Battle Moves and have more slots for crafting.",バトルはあなたのキューブゴンを輝かせるだけでなく、魅力溢れる報酬を手に入れる事ができる場所でもあります。キューブボックス、EMONTトークン、スペシャルアイテム、特別なキューブゴン、そしてバトルによって得られるキューブゴンのムーブ。<br><br>格の高いキューブゴンは獲得できるムーブも特別。価値もさらに高まります。,竞技场是您的Cubegons展示力量的游乐场。享受3D战斗体验以及Cubegons令人兴奋的动画。 Cubegons能够通过战斗学习技能和提升它自己的能力。<br/> <br/>击败对手，战胜挑战并获得奖励！,
home.copyright,,"Both Cubegoes (cube blocks) and Cubegons (characters) are tradable.<br/><br/>Limited Cubegoes are essential to build high-tier Cubegons. As they will not be available in store post-Presale, their value will increase and benefit anyone who owns them. Those value can be realized via trading. High-tier Cubegons like Champion and Elite can learn exclusive battle moves, which makes them more valuable.",「キューブ」と「キューブゴン」共に取引可能なものです。<br/><br/>特にプレセールのみで販売されるキューブはこの期間中のみの販売で、以降公式ショップでは手に入りません。それは即ちそのキューブの価値は今後上がりやすく、手にしている全ての人に利益を産むものとなるのです。,您拥有创作的全部所有权。每个Cubegon都是独一无二的，并附有创作者的版权;受区块链技术保护。构建Cubegon模型还可以为您提供更多颜色变化的特权。<br/> <br/>我们保护您，创作者的权利！,
home.creation,,"Your Cubegon characters are 100% unique. No one can copy them.<br/><br/>Creating a character also grants you a copyright ownership, making you the only one who can create color variants of the character. The copyright ownership is tied to the ""Original"" character only and is also transferrable to other players by selling the ""Original"" characters. Sell variants of a character or the ""Original"" one, you decide!",あなたの創り出したキャラクターは完全にあなたの物となります。<br/><br/>ブロックチェーンテクノロジーによって、あなたの「キューブゴン」は著作権的にも保護され、あなただけがカラーバリエーションを創ることができます。カラバリを作って取引して、収益をあげるのも夢じゃない！,所有创造都决于称为Cubego的“原材料”。选择您喜欢的材料，亲自制作自己的3D Cubegon角色。您可以给它们惊人的多彩外观，独特的能力和令人回味的移动。<br/> <br/>让您的想象力骚乱并表现在活的Cubegons上！,
home.opening,"Cube world in your hand! <br/><br/>Our mission is to enable you to ignite your creativity and imagination as you build your own 3D characters. They will be the soldiers standing by your side in the face of all adversary and earning you significant rewards. 
<br/>Let's immerse into a world of limitless creativity!","Cubego or Cubegoes, are 3D building block(s) which enable you to build your very own bespoke and personalised 3D models called Cubegon.<br/><br/>Some cube materials are limited and more powerful than others. They are key to make your Cubegons stronger. Moreover, you own copyright of your characters so that no one can copy them. You can trade your characters for Ether or send them to battles to earn more items and rewards.<br/><br/>Let's immerse into a fun world of limitless creativity!",この世界はキューブ一つ一つを使ってあなたオリジナルのキャラクター、「キューブゴン」を自らの創造性を駆使し作ることができる新しいゲームです。<br><br>自由な発想とイマジネーションであなただけの３Dキャラクターを創ってみましょう！そして創ったキューブゴンとバトルに挑み、魅力的な報酬をゲットしよう！<br><br>さあ、創造性を無限に発揮できる世界へようこそ！,Cubego或Cubegoes是3D构建模块，可让您构建自己的定制和个性化3D模型，称为Cubegon。<br/><br/>我们的使命是让您在构建时点燃您的创造力和想象力如您自己的3D角色。它们将成为站在您身边的士兵面对所有对手并为您带来丰厚的奖励。<br/> <br/>让我们沉浸在一个无限创造力的世界里！,
home.opening_2,,"A world built of Cubegoes, 3D cubes that enhance your creativity. Build your unique character (Cubegon) and have its copyright; then you can trade your Cubegon for tokens or join the battle for amazing rewards.<br/><br/>Let's immerse into a fun world of limitless creativity!",キューブで自分だけのオリジナル３Dキャラクターを創ろう！キューブゴンと呼ばれるこのキャラクターの著作権はあなたのもの。取引をしたり、カスタムしたり、バトルで報酬をゲットしたり育成したり…遊び方もたくさん！<br/><br/>さぁ創造の翼に乗って、キューブゴーの世界に飛び込もう！,,
home.why_presale,,"As a blockchain-based token, Cubego has a scarce favor and is a starting ingredient to build advanced character. The more precious Cubego looks, the stronger and rarer it is.
<br/><br/>For a restricted time, the Presale is an exclusive event to own limited precious Epic and Rare Cubegoes in store, which will no longer be available post-Presale.",プレセールは限定キューブが手に入るまたとない機会です。プレセール期間が終了した後は公式ショップで販売されることはありません。<br/><br/>格の高い、強力なキューブゴンを創る為に必要不可欠なのはこのキューブ達です。<br/><br/>プレセール期間中、様々なイベントやセールが行われるので是非チェックして下さい！,,
hours,,hours,時間,小时,
how_to_play,,Why joining Cubego Presale?,遊び方,怎么玩,
how_to_play_2,,More features,更なる特徴,,
ice,,Ice,氷,冰,
ice pack,,Ice Pack,氷パック,冰包,
import model,,Import Model,モデルをインポートする,,
in_partnership_with,,Partnership,パートナーシップ：,合作关系,
install Cipher,,Install Cipher,Cipherをインストール,,
install Coinbase Wallet,,Install Coinbase Wallet,Coinbase Walletをインストール,,
install GO!Wallet,,Install GO!Wallet,Go!Walletをインストール,,
install metamask,,Install Metamask,MetaMaskをインストール,,
intro,,Introduce,イントロ,介绍,
intro_single,,Intro,イントロダクション,介绍,
inventory,Player's Inventory to store cubegoes & cubegons,Inventory,インベントリ,,
invite code,,Invite Code,招待コード,邀请码,
invite_friends,,Invite Friends,友達を招待する,邀请朋友,
iron,,Iron,鉄,铁,
iron pack,,Iron Pack,鉄パック,铁包,
join presale,,Get Cube Packs,プレセールに参加する,,
join_presale_build_your_cubegon,,Get Cube packs and build your Cubegon now!,プレセールでキューブをゲットして、キューブゴンを創りませんか？,,
landing.button_1,,Get started,早速始める！,,
landing.button_2,,Buy Eth,イーサリアムを購入,,
landing.button_3,,Install wallet,ウォレットをインストール,,
landing.button_4,,Go Create,Cubegoで遊ぶ！,,
last.1,,Cubego sounds fun... how do I get started?,やってみようかな…まずは何しよう？,Cubego听起来很有趣......我该如何开始？,
last.2,,<b>The Presale has been opened!<b/>,<b>プレセール開催中です！<b/>,,
last.3,,"Get Cube packs from the <b>Presale</b> to collect the <b>limited Legendary, Epic and Rare Cubegoes</b> and begin creating your very own handsome and powerful squad.",<b>プレセール</b> で<b>限定キューブであるレジェンダリー、エピック、レアキューブ</b> をゲットしてよりパワフルで魅力的なキューブゴンを創ろう！,,
last.4,, ,,,
leaderboard,,Leaderboard,トップランカー,排行榜,
leaf,,Leaf,葉,叶,
leaf-cubegoes,,Leaf Cubegoes,葉キューブ,,
legend,,Legendary,レジェンド,传奇,
legendary,,Legendary,レジェンド,传奇,
load model from file,,Import Model,モデルとインポート,,
lose,,Lose,敗北,败阵,
manual sign in,,Manual Sign In,マニュアルでログイン,手工登入,
manual_sign_in.intro,,"It is highly recommended to sign in using Metamask on Desktop. On Mobile, you can use Coinbase Wallet (EN) or Cipher (EN) or Go!Wallet (JP).</br></br>You can also sign in manually on Desktop by typing your Ether address below (not recommended).",MetaMask、Mist、Coinbase Wallet、Go!Walletの使用をお薦めしています。<br/><br/>もしくは下記欄にイーサリアムアドレスを直接入力しても遊ぶことができます。,建议使用Metamask，Mist或Coinbase Wallet登录。但是您也可以通过键入Ether网地址手动登录。,
market,,Market,マーケット,市场,
match,,Match,試合,比赛,
matches,,Matches,試合,,
material,,Material,素材,材料,
meet_the_team,,Project Team,チームメンバー,项目团队,
metamask_installation_guide,,Read more for Metamask Installation Guide,Metamask インストール方法はこちら。,,
metamask_is_locked,,Your MetaMask is Locked,MetaMaskがロックされています,你的MetaMask已被锁,
metamask_not_installed,,Metamask is a secured wallet to store all your assets!,ゲームを遊ぶ為にはアカウントが必要です。,尚未安装Metamask,
mins,,mins,分,分钟,
mobile_app_not_installed,,You will need a Mobile wallet to securely store all your assets!,ゲームを遊ぶ為にはアカウントが必要です。,您的手机钱包尚未安装,
model_matched_notice,,"If this Cubegon is yours and you wish to make a copy of it, make sure the color similarity score is less than 90%.",このキューブゴンがあなたのものであれば複製が可能です。ただ複製する場合相似度合いは90％未満に抑えなければいけません。,,
move,,Move,移動,移动,
my_cubegoes,,My Cubegoes,マイキューブゴン,我的Cubegoes,
my_cubegons,,My Cubegons,マイキューブゴン,我的Cubegons,
my_heroes,,My Heroes,マイヒーロー,我的英雄,
new energy limit,,New Energy Limit,新しいエナジーリミット,,
new model,,New Model,新モデル,新模式,
no account,,,,,
no_metamask,,Metamask/Mist are not supported. Please do the transaction manually using the following data. You can check the guide <a href='https://medium.com/@myetheremon/a4f355971ea2' target='_blank'>here</a>. Note that the transaction may take a few minutes or longer to finish. Please wait for your transaction to be successfully mined.,"
Metamask,Mistがサポートされていません。トランザクションをマニュアルで行う必要があります。詳しくは<a href='https://medium.com/cubego/%E3%82%AD%E3%83%A5%E3%83%BC%E3%83%96%E3%82%B4%E3%83%BC%E3%82%92%E5%A7%8B%E3%82%81%E3%82%88%E3%81%86-ee1d66159a00' target='_blank'>こちら</a>のガイドをご覧ください。通常トランザクションは数分かそれ以上かかる場合があります。処理が終了するまでしばらくお待ちください。",,
no_move_yet,,No moves yet. Moves will be available when arena is released.,まだムーブがありません。アリーナがオープン次第、実装されます。,,
note_challenger,,Challenger,チャレンジャー,,
note_champion,,"Champion, need some epic cubes",チャンピオン、エピックキューブが必要,,
note_elite,,Elite,エリート,,
note_god,,"God, need some legendary cubes",ゴッド、レジェンダリーキューブが必要,,
num_pack,,${num} Pack,${num}パック,$ {num}包,
num_packs,,${num} Packs,${num}パック,$ {num}包,
official_store,,Official Store,公式ショップ,官方商店,
open in build tool,Open a cubegon in build tool,Open in Build Tool,製作ツールを開く,,
original,"Original model .i.e the first one, which can make clones",Original,オリジナル,,
owner,,Owner,オーナー,,
pack(s),,Pack(s),パック,包,
paint,,Paint,ペイント,涂料,
paper,,Paper,紙,纸,
paste_layer,,Paste layer,レイヤーを<br>貼り付け,粘贴图层,
patent_id,,Patent ID,保護ID,专利号,
pending_cubegon_desc,,Create your Cubegons before the time expires; or you will lose your registered models,ブロックチェーン登録には時間制限があります。制限時間内に登録しなかった場合は作成したモデルが失われる場合があります。,,
pick_color,,Color Picker,カラー選択,颜色选择器,
plastic,,Plastic,プラスチック,塑料,
play_now,,Play Now,プレイする,开始游戏,
please_input,,Please Input,入力して下さい,,
please_install_metamask,,"We recommend using Metamask on Desktop for the best experience.</br>
You will also receive <b>300 Basic Cubegoes</b> after sign up!",アカウントの登録にはメールアドレスを入力して下さい。<br/><b>今なら300個のベーシックキューブをプレゼント！<b/>,请安装Metamask进行注册并获得<b> 300个基本Cubegoes！</ b> <br/>或订阅我们以获取最新消息和优惠！,
please_install_mobile_app,,Install Coinbase Wallet or Cipher to sign up and get <b>300 Basic Cubegoes!</b></br>Or subscribe us for latest news and offers!,アカウントの登録にはメールアドレスを入力して下さい。<br/><b>今なら300個のベーシックキューブをプレゼント！<b/>,请安装Coinbase Wallet或Cipher以注册并获得<b> 300个基本Cubegoes！</ b> </ br>或订阅我们以获取最新消息和优惠！,
please_select,,Please Select,選択して下さい,,
please_unlock_metamask,,Please unlock MetaMask to sign in,ログインするにはMetaMaskをアンロックしてください,请解锁MetaMask以登录,
power_score,,Strength,能力値,力量分,
Presale has ended,,Presale has ended,Presaleは終了しました,,
presale start in,,Presale starts in,プレセール開始,预售开始于,
presale_info_on_store_page,,Cubego will be releasing soon. Register now for the PRESALE!,キューブゴーは近日リリース予定です。登録してプレセールに参加しよう！,Cubego即将推出。 现在注册预售！,
preview,Preview Model,Check out,プレビュー,预习,
price (emont),price in emont,Price (EMONT),価格(EMONT),,
price (eth),price in eth,Price (ETH),価格(ETH),,
price/unit,,Price/Unit,価格 /体,价格单位,
principles_of_creation,,Principles of Creation,創造の楽しさを,创作原则,
proj_advisors,,Project Advisors,アドバイザー,项目顾问,
purchase,,Purchase,購入する,采购,
purchase now,,Purchase Now,キューブを買う!,,
purchase_cube,,Purchase Cubego,キューブを購入する,,
purchase_cube_done,,"You have just made a purchase. Depending on the network, it may takes few minutes or longer for the cubes to come.<br>Once the transaction is successful, kindly check your inventory (you might need to refresh the Inventory page)!",購入が完了しました。ブロックチェーンネットワークの状態によってキューブが手元に届く時間にばらつきがあります。<br>トランザクション成功後はインベントリで確認してください。（ページの更新もお忘れなく！）,,
purchase_eth_pc,,,ゲームを遊ぶ為にはイーサリアムが必要です。購入方法はこちら。,,
purchasing_cube,,Purchasing Cubego,キューブを購入する,,
quantity,,Quantity,数量,数量,
quick_use_guide,,Hold [${key}] for Quick Use,[${key}]でショートカットを使う ,按[${key}]进行快速使用,
rank,,Rank,ランキング,排名,
ranking,,Ranking,ランキング,排行,
rare,,Rare,レア,罕见,
rare cubegoes,,Rare Cubegoes,レアキューブ,,
re-register,,Create,創る,,
re-register_cubegon,,Create Cubegon,キューブゴンを創る,,
re-register_cubegon_note,,"Your cubegon model has been registered. Before it expires, you have to create it onto the blockchain. Do not wait until the last minute as the transaction needs to be mined successfully before the time expires.",キューブゴンモデルがサーバーに登録されました。次のステップとしてブロックチェーン上で登録、承認される必要があります。トランザクションに問題が発生しないよう、時間を置かず、すぐに行ってください。,,
re-registering_cube,,Creating Cubegon,キューブゴン製作中,,
read_more,,Read more,詳細はこちら,阅读更多,
receiver address,,Receiver Address,受取人のアドレス,,
recommended_gas,,Recommended GAS Limit,推奨するガスリミット,추천 가스 리미트 ,推荐GAS限额
redo,,Redo,やり直す,重做,
referral__title,,Invite your friends using your referral link and get <span>5%</span> of the money they spend in the Presale.,友達を招待するリンクをゲットして、プレセール内で使用した分の<span>5%</span>のキックバックをもらおう！,使用您的推介链接邀请您的朋友，并获得他们在预售中花费金额的<span> 5％</ span>。,
referred emont,,Referred EMONT,参照EMONT,,
referred eth,,Referred ETH,参照ETH,,
referred friends,,Referred Friends,紹介された友達,,
register,,Register,登録,登记,
register for presale,,Register for Presale,登録してプレセールニュースを受け取る,注册预售,
register now for presale,,Register now for the Presale,今すぐ登録してプレセールニュースを受け取ろう！,现在注册预售,
register_cubegon,,Create Cubegon,キューブゴンを創る,,
register_cubegon_done,,"Your Cubegon has been created. Depending on the network, it may take a few minutes or more for the Cubegon to enter your <a href='/inventory'>inventory</a>.<br/><br/>In case the transaction fails, come back here to create again.",あなたのキューブゴンがブロックチェーン上で承認されました。<ahref=`/inventory'>インベントリ</a>にキューブゴンが表示されるまでに数分から１時間程かかる場合があります。,,
register_cubegon_note,,"Your cubegon has been registered. In the next 12 hours, you have to create it onto the blockchain. Before it is created, the pending models can be found <a href='/inventory?tab=pending-cubegon'>here</a>.",キューブゴンは登録されました。これより12時間以内にブロックチェーン上に登録されます。登録作業中のモデルは<a href='/inventory?tab=pending-cubegon'>こちら</a>で確認できます。,,
registering_cube,,Creating Cubegon,キューブゴン登録中,,
review_cubegon,,Review Cubegon,レビューする,评论Cubegon,
review.image_note,,"Rotate to find your Cubegon's best pose. This will be permanent, please choose carefully.",キューブゴンを回転させ、ポーズを決めて下さい。,旋转以找到您的Cubegon的最佳姿势,
roadmap,,RoadMap,ロードマップ,路线图,
roadmap.1_content,,Presale begins,プレセール開始,预售开始,
roadmap.1_header,,Nov 2018,2018年11月,2018年11月8号,
roadmap.2_content,,Cubegon Building & Marketplace,キューブゴン創り＆マーケット実装,Cubegon建筑与市场,
roadmap.2_header,,Dec 2018,2018年12月,2018年12月18号,
roadmap.3_content,,Arena opening,アリーナオープン,竞技场开幕,
roadmap.3_header,,Jan 2019,2019年1月,2018年1月19号,
roadmap.4_content,,Ranked Battle,ランキング戦,战斗排名,
roadmap.4_header,,Q1 2019,2019年第１Q,2019年第一季度,
roadmap.5_content,,Lab - Crafting & Enhancements,クラフト ＆ 拡張機能追加,制作和改进,
roadmap.5_header,,Q2 2019,2019年第２Q,2019年第二季度,
roadmap.6_content,,"PvE, Clan War & Achievements",クラン戦 ＆ ミッション,氏族战争与成就,
roadmap.6_header,,Q3-Q4 2019,2019年第３-４Q,2019年第3季度至第4季度,
roadmap.7_content,,Cubego Day,"AR,VRワールド",Cubego日,
roadmap.7_header,,2020,2020年,2020年,
save,Action to save model,Save,保存する,保存,
save image,,Save Image,画像を保存,,
save to file,,Save to File,ファイルに保存,,
saved,Action done,Saved,保存されました,已保存,
sec,,sec,秒,秒,
select_layer,,Select layer,レイヤーを<br>選択,选择图层,
shape_matched_notice,,A similar Cubegon already exists. Please adjust your model and try again.<br/>(Similarity requirement: <85%),既に同じようなキューブゴンが登録されています。（15％以上の相違がない場合登録はできません）,,
share_on_facebook,,Share to Facebook,フェイスブックでシェア,分享到Facebook,
share_on_twitter,,Share to Twitter,ツイッターでシェア,分享到Twitter,
showroom,,Showroom,ショールーム,,
side_view,,Side view,横から見る,侧面视图,
sign in,,sign in,サインイン,登入,
sign in to claim,,Sign in to claim,,,
sign_in_signature,,Signature (<a href='https://medium.com/cubego/ff5f32516192#6b9d' target='_blank'>What is signature?</a>),署名する (<a href='https://medium.com/cubego/ff5f32516192#6b9d' target='_blank'>署名とは？</a>),,
sign_up_label.register-popup,,Sign up to continue,ログインして続ける,注册以继续,
sign_up_label.setting-info,,User Setting,設定,设置,
sign_up_label.sign-up,,Sign up to start the journey,登録して旅立つ,注册以开始您的旅程,
signature,,Signature,署名,签名,
signature_placeholder,,Copy the 'sign' field and paste it here,署名欄をコピーして貼り付けてください。,复制“签名”字段并粘贴到此处,
signing_instruction,,"A popup will show up for you to sign. If you do not see the pop up, kindly check your Metamask / mobile wallets.",承認を求めるポップアップが出ます。もし何も出てこない場合、一度MetaMask、もしくはウォレットアプリをお確かめください。,,
signup_label,,Sign up to discover the Cubego,新規登録してキューブゴーで遊ぶ,注册以发现Cubego,
silver,,Silver,銀,银,
silver pack,,Silver Pack,銀パック,银包,
Similarity,,Similarity,類似度,,
sort.highest_cubegoes,,Highest cubegoes,高いキューブ,,
sort.highest_stats,,Highest Stats,能力値の高い順,,
sort.lowest_cubegoes,,Lowest Cubegoes,安いキューブ順,,
sort.lowest_stats,,Lowest Stats,能力値が低い順,,
sort.name,,Sort by Name,名前順,,
sort.newest_cubegon,,Newest Cubegons,新着順,,
sort.type,,Sort by Type,タイプ順,,
speed,Speed Point,Speed,スピードポイント,,
stone,,Stone,石,石,
stone pack,,Stone Pack,石パック,石包,
store,,Official Store,公式ショップ,官方商店,
store_read_more,,Read more: About the Presale you should know,プレセールで買うメリットとは？,,
store_read_more_link,,https://www.cubego.io/guide#presale,https://www.cubego.io/guide#presale,,
store_tip_link,,https://www.cubego.io/guide,https://www.cubego.io/guide,,"If they want to restrict access to their pages, privacy controls are available."
store_tip_note,,Game Intro: Learn how cubes affect your characters,ヒント：キューブがキューブゴンに与える影響,,restrict the sale/supply/use of sth Georgia is one of 22 states that restrict the sale of raw milk for human consumption.
store.hightlight_note,,Epic and Rare Cubegoes are only available during the Presale,エピック、レアキューブはプレセール期間のみの販売となります。,,
strength,,Strength,強さ,优势,
strength required,,Strength Required,必要な強さ,要求的力量,
submit_cubegon,,Submit Cubegon,キューブゴンを登録する,,
submit_cubegon_note,,You have to submit your cubegon to our server for verification first. Then you can create it onto the blockchain.,キューブゴンはまずサーバーに登録されます。その後ブロックチェーン上の登録にうつります。,,
submitting_cube,,Submitting Cubegon,キューブゴン登録中,,
subscribe,,Subscribe,登録する,订阅,
subscribe_us,,Subsribe for updates and offers!,登録して最新情報を手に入れよう！,订阅以获得更新和优惠！,
success_response,,Thanks! We will keep you updated.,登録ありがとうございます！<br/>下のボタンをクリックして必要なソフトをインストールしましょう！,谢谢！ 有任何消息会知悉您的。,
tagline,,The CUBE that creates LEGENDS ,キューブで伝説を創り上げよう,创建传奇的CUBE,
take a picture,,Take a picture,モデルをエクスポート,,
team_members_sub_title,, , , ,
template,,Templates,テンプレート,模板,
template file is invalid,,Template file is invalid,テンプレートファイルがありません。,,
term_service_policy,,I agree to the <a href='/tos' target='_blank'>Terms of Sale</a> and <a href='/privacy' target='_blank'>Privacy Policy<a>,<a href='/tos' target='_blank'>販売規則</a>と<a href='/privacy' target='_blank'>個人情報保護</a>に関する方針について同意してください,我同意<a href='/tos' target='_blank'>销售条款</a>和<a href='/privacy'target='_blank'>隐私政策<a>,
tier,Cubegon's tier,Tier,格,级,
tiers,,Tiers,格と素材のレア度,级别,
tiers_types_cubegoes,,Tiers and Attributes of Cubegoes,キューブの効果と格,Cubegoes的级别和属性,
to purchase,,To Purchase,購入する,购买,
token_id,,Token ID,トークンID,,
top_up_energy,,Top Up Energy,エナジーを補充,充值能量,
total,,Total,合計,总共,
total,,Total,合計,总共,
total cubes,,Total Cubes,キューブ合計,总共Cubego,
total emont refund,,Total EMONT Refund,合計EMONT払い戻し,,
total eth refund,,Total ETH Refund,合計ETH払い戻し,,
total price,,Total Price,合計金額,总价,
total_cubego,,Total Cubego,キューブ合計,总Cubego,
total_cubegoes,,Cubegoes,キューブ,,
total_stats,,Stats,勝敗,总统计数据,
trade_cubegon,,Trade and Gain values,売買して収益を上げる,,
trading,,Trading,トレードする,贸易,
transaction,,Transaction,トランザクション,거래,交易
transfer,,Transfer,移動,,
transfer_cubego,,Transfer Cubego,キューブを移動,,
transfer_cubego_done,,Your Cubegoes are being transferred,メールアドレス,您的邮箱地址,
transfer_cubego_note,,"After transferring, you won't be able to get your Cubego back",キューブゴンを移動してしまったら取り戻す事は出来ません。,,
transfer_cubegon,,Transfer Cubegon,キューブゴンを移動する,,
transfer_cubegon_done,,"You cubegon is being transferred. It may take a while, depends on the network.",キューブゴンが転送されました。ブロックチェーンネットワークの状態によって所要時間が変動する場合があります。,,
transfer_cubegon_note,,Are you sure? Your cubegon will miss you so much.,キューブゴンを移動しますか？少し寂しそう…,,
transferring_cubego,,Transferring Cubego,キューブ転送中,,
transferring_cubegon,,Transferring Cubegon,キューブゴン移動中,,
tutorial,,Character Building Guide,キャラクター製作方法,,
tutorial.color,,Sub-materials,色,,
tutorial.estimated_stats,,Cubegon Estimated Stats,予想能力値,,
tutorial.material,,Materials,素材,,
tutorial.template,,Cubegon Template,キューブゴンテンプレート,,
tutorial.tier,,Cubegon Tiers,キューブゴンの格,,
tutorial.title,,Knowing these basics will help you in creating your characters.,これら基礎知識はキューブゴン製作に欠かせません,,
tutorial.type,,Cubegon Types,キューブゴンのタイプ,,
txn_data,,Transaction Data,トランザクションデータ,거래 정보,交易数据
txn_hash,,Transaction Hash,トランザクションハッシュ,거래 해시,交易散列
txn_submitting_note,,A popup with transaction details will show up. Please complete it and come back here!,トランザクションの承認を求めるポップアップが出てきます。完了しましたらまた戻ってきてください！,,
txn.etherscan,,Check on EtherScan,EtherScanで確認,이더 스캔 확인,查对EtherScan
txn.message_to_sign,,Message to Sign,署名用にメッセージを送る,,
txn.signature_desc,,You need to sign the message above at <a href='https://www.myetherwallet.com/signmsg.html' target='_blank'>MyEtherWallet</a> (<a href='https://medium.com/cubego/ff5f32516192#6b9d' target='_blank'>What is signature?</a>),上記メッセージに署名する必要があります。 <a href='https://www.myetherwallet.com/signmsg.html' target='_blank'>MyEtherWallet</a> (<a href='https://medium.com/cubego/%E3%82%AD%E3%83%A5%E3%83%BC%E3%83%96%E3%82%B4%E3%83%BC%E3%82%92%E5%A7%8B%E3%82%81%E3%82%88%E3%81%86-ee1d66159a00#6b9d' target='_blank'>署名とは？</a>),,
txn.signature_placeholder,,Copy the 'sig' field and paste here,署名欄をコピーして貼り付けてください,,
type,,Type,タイプ,类型,
types,,Types,タイプ,类型,
ultimate pack,,Ultimate Pack,ウルトラパック,终极包,
undo,,Undo,元に戻す,撤消,
uniqueness,,Uniqueness,独自性,独特性,
unlock_metamask,,Unlock Metamask,メタマスクを解除,解锁Metamask,
update,,Update,更新する,更新,
update_cubegon,,Update Cubegon,キューブゴンを更新,,
username,,Username,ユーザー名,用户名,
value_of_synergies,,Value Of Synergies,シナジー効果,协同作用的价值,
view_on_battle,,View in Battle,バトルシーンを見る,,
wallet,,Wallet,ウォレット,钱包,
watch battle,,Watch Battle,バトルを観戦する,观看战斗,
water,,Water,水,水,
welcome_to_cubego,,Welcome To Cubego,Cubegoの世界へ <br>ようこそ,欢迎来到Cubego,
what_is_cubego,,What is CUBEGO?,キューブゴーってどんなゲーム？,什么是CUBEGO？,
what_next,,What’s next,開発計画,下一步是什么,
why_joining_cubego_presale_header,,About Cubego Presale,キューブゴーのプレセールについて,,
why_presale,,Join presale,プレセールに参加する,,
why_presale_header,,Why Joining Presale,プレセールに参加するメリット,,
win,,Win,勝利,胜利,
win rate,,Win Rate,勝率,,
win_rate,,Win Rate,勝率,赢率,
wins,,Wins,勝利数,,
wood,,Wood,木,木,
you_dont_have_cubego,,You don't have any Cubego,キューブをまだ持っていません,,
you_dont_have_cubegon,,You don't have any Cubegon,キューブゴンをまだ創っていません,,
Your information is updated!,,"You have successfully registered. We will keep you updated about the PRESALE! Meanwhile, join our referral event above for the awesome bonus.","あなたの情報が更新され、プレセールの最新情報が届くようになりました。
お友達を紹介してボーナスがもらえるリファラルイベントに参加しませんか？
是非チェックしてみて下さい！",您已经成功注册。我们会及时向您通报预售！同时，加入我们的推荐活动，获得惊人的奖金。,